time,link
2019-04-22 06:00:12,https://www.instagram.com/imrinki/

2019-05-05 09:54:41,https://www.instagram.com/sanazaid7586/

2019-05-05 09:54:50,https://www.instagram.com/vinithegr8/

2019-05-05 09:54:58,https://www.instagram.com/parulgargmakeup/

2019-05-05 09:55:00,https://www.instagram.com/yaashiikkaa/

2019-05-05 09:55:05,https://www.instagram.com/ruanxth/

2019-05-05 09:55:11,https://www.instagram.com/jackelinepaula/

2019-05-05 09:55:19,https://www.instagram.com/beatriz_carvalhoa/

2019-05-05 09:55:25,https://www.instagram.com/divinemakeupby_poonam/

2019-05-05 09:55:27,https://www.instagram.com/amrit.khanna/

2019-05-05 09:55:32,https://www.instagram.com/thecreators.world/

2019-05-05 09:55:37,https://www.instagram.com/thezodiacfactoryco/

2019-05-05 09:55:39,https://www.instagram.com/ankita3946/

2019-05-05 09:55:40,https://www.instagram.com/jyotilohia9/

2019-05-05 09:55:43,https://www.instagram.com/ayushi.dewan/

2019-05-05 09:55:46,https://www.instagram.com/juvenilessence/

2019-05-05 09:55:48,https://www.instagram.com/ishita0009/

2019-05-05 09:55:51,https://www.instagram.com/riagoel95/

2019-05-05 09:55:53,https://www.instagram.com/pahwapriya/

2019-05-05 09:55:55,https://www.instagram.com/surveegoyal/

2019-05-05 09:56:02,https://www.instagram.com/mantajghuman/

2019-05-05 09:56:10,https://www.instagram.com/segalsujata/

2019-05-05 09:56:19,https://www.instagram.com/shraddha_mua/

2019-05-05 09:56:27,https://www.instagram.com/kanikachandamakeupstories/

2019-05-05 09:56:35,https://www.instagram.com/aalees_cupcakes/

2019-05-05 09:56:41,https://www.instagram.com/vintagekace/

2019-05-05 09:56:47,https://www.instagram.com/makeupbymadeeha/

2019-05-05 09:56:49,https://www.instagram.com/mmahmood2010/

2019-05-05 09:56:56,https://www.instagram.com/makeup_by_marriyam/

2019-05-05 09:57:05,https://www.instagram.com/mnz_stylez/

2019-05-05 09:57:18,https://www.instagram.com/glamm.by.sam/

2019-05-05 09:57:22,https://www.instagram.com/sumbulh1/

2019-05-05 09:57:28,https://www.instagram.com/yx_zxt/

2019-05-05 09:57:32,https://www.instagram.com/mini_chaudhary_i_m326/

2019-05-05 09:57:34,https://www.instagram.com/vandana_1988/

2019-05-05 09:57:45,https://www.instagram.com/raj.tharshan/

2019-05-05 09:57:48,https://www.instagram.com/shanzayjubran/

2019-05-05 09:57:51,https://www.instagram.com/amitamahar/

2019-05-05 09:57:53,https://www.instagram.com/lucky.amit/

2019-05-05 09:57:57,https://www.instagram.com/shehanasmakeover/

2019-05-05 09:57:59,https://www.instagram.com/ariza__sekhani/

2019-05-05 09:58:01,https://www.instagram.com/paras_sachdeva44428/

2019-05-05 09:58:04,https://www.instagram.com/karishmachaudhary5669/

2019-05-05 09:58:12,https://www.instagram.com/anvi_jewellers/

2019-05-05 09:58:22,https://www.instagram.com/chulbuli_naazz/

2019-05-05 09:58:24,https://www.instagram.com/nidhi_mohta/

2019-05-05 09:58:32,https://www.instagram.com/urbandesiii/

2019-05-05 09:58:37,https://www.instagram.com/faveye.lens/

2019-05-05 09:58:40,https://www.instagram.com/mistri_jyoti/

2019-05-05 09:58:44,https://www.instagram.com/khushboo_kachchhi/

2019-05-05 09:58:46,https://www.instagram.com/syeda_amna55/

2019-05-05 09:58:48,https://www.instagram.com/aparna__garg/

2019-05-05 09:58:59,https://www.instagram.com/sargun_makeup_studio_by_navjot/

2019-05-05 09:59:01,https://www.instagram.com/iammuskanmachal/

2019-05-05 09:59:04,https://www.instagram.com/ak_atwal_/

2019-05-05 09:59:06,https://www.instagram.com/shaliniarora402/

2019-05-05 09:59:08,https://www.instagram.com/lakhubhaikuchhadiya/

2019-05-05 09:59:11,https://www.instagram.com/neha_saini_bhatnagar/

2019-05-05 09:59:18,https://www.instagram.com/shomita3108/

2019-05-05 09:59:25,https://www.instagram.com/neha_sarg/

2019-05-05 09:59:27,https://www.instagram.com/jyoti5267/

2019-05-05 09:59:30,https://www.instagram.com/sumit.seth.16/

2019-05-05 09:59:35,https://www.instagram.com/glowbabies_25/

2019-05-05 09:59:37,https://www.instagram.com/sukritichopra/

2019-05-05 09:59:45,https://www.instagram.com/hairandmakeupbyyashika/

2019-05-05 09:59:53,https://www.instagram.com/thearomabyneha/

2019-05-05 10:00:00,https://www.instagram.com/soniawalia2888/

2019-05-05 10:00:03,https://www.instagram.com/thenineteenthletter/

2019-05-05 10:00:12,https://www.instagram.com/_kisa_fatima_/

2019-05-05 10:00:17,https://www.instagram.com/jaamsardaar/

2019-05-05 10:00:20,https://www.instagram.com/meenshallu/

2019-05-05 10:00:22,https://www.instagram.com/inayat_khan153/

2019-05-05 10:00:29,https://www.instagram.com/meenakshiduttmakeoversdelhi/

2019-05-05 10:00:31,https://www.instagram.com/diljitgill33/

2019-05-05 10:00:32,https://www.instagram.com/mahenoor_sara/

2019-05-05 10:00:34,https://www.instagram.com/sharma_teena07/

2019-05-05 10:00:37,https://www.instagram.com/ridaiqbal8/

2019-05-05 10:00:44,https://www.instagram.com/fashionistaspeaks/

2019-05-05 10:00:46,https://www.instagram.com/harsh.145/

2019-05-05 10:00:48,https://www.instagram.com/vanaikameakovers/

2019-05-05 10:00:51,https://www.instagram.com/a.shazzy/

2019-05-05 10:00:53,https://www.instagram.com/monasinghms/

2019-05-05 10:00:56,https://www.instagram.com/vivaciousjun/

2019-05-05 10:00:59,https://www.instagram.com/anj3170/

2019-05-05 10:01:01,https://www.instagram.com/mishu_raj_bakshi/

2019-05-05 10:01:07,https://www.instagram.com/blush.muabypayal/

2019-05-05 10:01:10,https://www.instagram.com/delhi_bongo_sd/

2019-05-05 10:01:17,https://www.instagram.com/__me_simran/

2019-05-05 10:01:26,https://www.instagram.com/pandeypriyanka_99/

2019-05-05 10:01:28,https://www.instagram.com/makeupd100/

2019-05-05 10:01:30,https://www.instagram.com/iankitagarg_/

2019-05-05 10:01:35,https://www.instagram.com/guruanamika/

2019-05-05 10:01:38,https://www.instagram.com/surbhibhardwaj72/

2019-05-05 10:01:40,https://www.instagram.com/gudiyadixit13/

2019-05-05 10:01:49,https://www.instagram.com/rekhapathak862/

2019-05-05 10:02:01,https://www.instagram.com/makeupbyasmaamin/

2019-05-05 10:02:09,https://www.instagram.com/makeupaddict_jazz/

2019-05-05 10:02:13,https://www.instagram.com/arsheensabharwal/

2019-05-05 10:02:17,https://www.instagram.com/deepanshugarg91/

2019-05-05 10:02:19,https://www.instagram.com/fereshteh._.st/

2019-05-05 10:02:23,https://www.instagram.com/soniabsareen/

2019-05-05 10:02:32,https://www.instagram.com/sunilsahaa/

2019-05-05 10:02:35,https://www.instagram.com/anumehtakapoor/

2019-05-05 10:02:40,https://www.instagram.com/themobface/

2019-05-05 10:02:46,https://www.instagram.com/aditiguptaofficial/

2019-05-05 10:02:53,https://www.instagram.com/iwataindia/

2019-05-05 10:02:56,https://www.instagram.com/pllvsingh/

2019-05-05 10:03:01,https://www.instagram.com/flawlessfacesbyrashi/

2019-05-05 10:03:03,https://www.instagram.com/dtpalakbudhiraja/

2019-05-05 10:03:06,https://www.instagram.com/kreetikasmadan/

2019-05-05 10:03:08,https://www.instagram.com/aanchal.shr/

2019-05-05 10:03:10,https://www.instagram.com/prachi_0902/

2019-05-05 10:03:13,https://www.instagram.com/jamwal_neha11/

2019-05-05 10:03:15,https://www.instagram.com/haleemachauhan/

2019-05-05 10:03:18,https://www.instagram.com/iqraabbasi91/

2019-05-05 10:03:22,https://www.instagram.com/own_favourite_chitra/

2019-05-05 10:03:27,https://www.instagram.com/_rashmi_31_/

2019-05-05 10:03:34,https://www.instagram.com/arshh_hairstylist/

2019-05-05 10:03:39,https://www.instagram.com/nehayaduvansh/

2019-05-05 10:03:52,https://www.instagram.com/pooja.bhutta.33/

2019-05-05 10:03:55,https://www.instagram.com/anjali8285/

2019-05-05 10:04:05,https://www.instagram.com/narender.kamboj.12/

2019-05-05 10:04:16,https://www.instagram.com/bkbeautylounge/

2019-05-05 10:04:30,https://www.instagram.com/anjalisbridal/

2019-05-05 10:04:34,https://www.instagram.com/n.i.s.h.t.h.a_s.i.n.g.h/

2019-05-05 10:04:37,https://www.instagram.com/sonamsharma4792/

2019-05-05 10:04:52,https://www.instagram.com/chatterrrrbug/

2019-05-05 10:04:55,https://www.instagram.com/geetanjali_khari/

2019-05-05 10:05:13,https://www.instagram.com/makeoverbytisha/

2019-05-05 10:05:17,https://www.instagram.com/shamasharma5972/

2019-05-05 10:05:21,https://www.instagram.com/soniya6980/

2019-05-05 10:05:27,https://www.instagram.com/aggarwal8418/

2019-05-05 10:05:31,https://www.instagram.com/muskaan251298/

2019-05-05 10:05:45,https://www.instagram.com/dhanuka.priyanka/

2019-05-05 10:05:48,https://www.instagram.com/thesimranrupchandani/

2019-05-05 10:05:51,https://www.instagram.com/varunakashyap/

2019-05-05 10:05:57,https://www.instagram.com/priyapakale/

2019-05-05 10:06:07,https://www.instagram.com/krushhhbykonica/

2019-05-05 10:06:16,https://www.instagram.com/harry_maan_315/

2019-05-05 10:06:27,https://www.instagram.com/sayyedahaseen/

2019-05-05 10:06:30,https://www.instagram.com/aarushi_0194/

2019-05-05 10:06:33,https://www.instagram.com/renukarewri/

2019-05-05 10:06:35,https://www.instagram.com/ruchikaashvimann/

2019-05-05 10:06:38,https://www.instagram.com/khanmeghna/

2019-05-05 10:06:42,https://www.instagram.com/angelia9572/

2019-05-05 10:06:44,https://www.instagram.com/mubarik.mubarik.12177276/

2019-05-05 10:06:46,https://www.instagram.com/iam_rockmanticleo/

2019-05-05 10:06:51,https://www.instagram.com/emaan_558/

2019-05-05 10:06:59,https://www.instagram.com/official_shivani_gola/

2019-05-05 10:07:02,https://www.instagram.com/sanchi_lamba/

2019-05-05 10:07:05,https://www.instagram.com/aparna__pawar/

2019-05-05 10:07:13,https://www.instagram.com/70.04724335/

2019-05-05 10:07:16,https://www.instagram.com/roshnirege/

2019-05-05 10:07:18,https://www.instagram.com/arora.1.pooja/

2019-05-05 10:07:28,https://www.instagram.com/mansi_sehgal88/

2019-05-05 10:07:36,https://www.instagram.com/naheedkhanmua/

2019-05-05 10:07:39,https://www.instagram.com/disharana17/

2019-05-05 10:07:42,https://www.instagram.com/i_m_minx/

2019-05-05 10:07:44,https://www.instagram.com/mardiyakamlesh/

2019-05-05 10:07:54,https://www.instagram.com/ajayrajput4953/

2019-05-05 10:08:01,https://www.instagram.com/lucky_charm_saloni/

2019-05-05 10:08:07,https://www.instagram.com/agarwal_nidhi123/

2019-05-05 10:08:12,https://www.instagram.com/reaahh_b/

2019-05-05 10:08:15,https://www.instagram.com/prithviseth93/

2019-05-05 10:08:23,https://www.instagram.com/makeupbyayushidewan/

2019-05-05 10:08:31,https://www.instagram.com/shriyathakrani/

2019-05-05 10:08:37,https://www.instagram.com/varnikachadhamakeovers/

2019-05-05 10:08:39,https://www.instagram.com/aasthasethi/

2019-05-05 10:08:41,https://www.instagram.com/anupriyajha/

2019-05-05 10:08:46,https://www.instagram.com/makeupglambyalisha/

2019-05-05 10:08:48,https://www.instagram.com/kanikamadaan13/

2019-05-05 10:08:51,https://www.instagram.com/vi.rendra6951/

2019-05-05 10:08:56,https://www.instagram.com/soniavarunkhurana/

2019-05-05 10:08:58,https://www.instagram.com/nehagroverkohli/

2019-05-05 10:09:01,https://www.instagram.com/deekshaahuja295/

2019-05-05 10:09:08,https://www.instagram.com/rawat_anita13/

2019-05-05 10:09:14,https://www.instagram.com/cosmetichubindia/

2019-05-05 10:09:22,https://www.instagram.com/kavithamakeupartistry/

2019-05-05 10:09:24,https://www.instagram.com/aayatnancy/

2019-05-05 10:09:27,https://www.instagram.com/ssharanchahal/

2019-05-05 10:09:29,https://www.instagram.com/priyankamalhotra122/

2019-05-05 10:09:36,https://www.instagram.com/artist_akanksha.namdev/

2019-05-05 10:09:39,https://www.instagram.com/bachwanimanu/

2019-05-05 10:09:41,https://www.instagram.com/kumarilpandey4/

2019-05-05 10:09:43,https://www.instagram.com/yasmeenjindal/

2019-05-05 10:09:45,https://www.instagram.com/iammonishaa/

2019-05-05 10:09:49,https://www.instagram.com/abhinavji405232019/

2019-05-05 10:09:52,https://www.instagram.com/nimesha2021/

2019-05-05 10:09:58,https://www.instagram.com/ridsaroratakkar/

2019-05-05 10:10:00,https://www.instagram.com/sharmashiva151/

2019-05-05 10:10:05,https://www.instagram.com/420kinng/

2019-05-05 10:10:07,https://www.instagram.com/mitali596/

2019-05-05 10:10:09,https://www.instagram.com/reetu1999aggarwal/

2019-05-05 10:10:13,https://www.instagram.com/rk2777224/

2019-05-05 10:10:20,https://www.instagram.com/shaguftali/

2019-05-05 10:10:22,https://www.instagram.com/harpreetkaur5129/

2019-05-05 10:10:24,https://www.instagram.com/zainab_bajwa95/

2019-05-05 10:10:27,https://www.instagram.com/flavinha_lopes_cardoso/

2019-05-05 10:10:29,https://www.instagram.com/khairarkk/

2019-05-05 10:10:33,https://www.instagram.com/gehlotanju321/

2019-05-05 10:10:42,https://www.instagram.com/rohandua_ts/

2019-05-05 10:10:45,https://www.instagram.com/kajal_s_prajapati/

2019-05-05 10:10:49,https://www.instagram.com/iam_subbuji/

2019-05-05 10:11:04,https://www.instagram.com/fairy_angellll/

2019-05-05 10:11:08,https://www.instagram.com/samira_bangi/

2019-05-05 10:11:10,https://www.instagram.com/iamayeshahid/

2019-05-05 10:11:14,https://www.instagram.com/_iamprachi_/

2019-05-05 10:11:17,https://www.instagram.com/best_peace_b/

2019-05-05 10:11:20,https://www.instagram.com/radhika1415/

2019-05-05 10:11:23,https://www.instagram.com/chandni_adwani10/

2019-05-05 10:11:26,https://www.instagram.com/shehnaz_sabnom_halder/

2019-05-05 10:11:29,https://www.instagram.com/farhana_rather/

2019-05-05 10:11:31,https://www.instagram.com/preesonwani/

2019-05-05 10:11:34,https://www.instagram.com/sana.1801/

2019-05-05 10:11:36,https://www.instagram.com/rayeen_hai_hm/

2019-05-05 10:11:38,https://www.instagram.com/shilpa_makeupartist_/

2019-05-05 10:11:41,https://www.instagram.com/rimmy81/

2019-05-05 10:11:43,https://www.instagram.com/imneetvirk/

2019-05-05 10:11:45,https://www.instagram.com/riyathakur8507/

2019-05-05 10:11:48,https://www.instagram.com/ashi.october/

2019-05-05 10:11:51,https://www.instagram.com/avnigupta033/

2019-05-05 10:11:53,https://www.instagram.com/roop_kaur_sandhu1313/

2019-05-05 10:11:57,https://www.instagram.com/nisharathod05225/

2019-05-05 10:11:59,https://www.instagram.com/neetansh2107/

2019-05-05 10:12:01,https://www.instagram.com/riya.khan8285/

2019-05-05 10:12:04,https://www.instagram.com/hg9971382/

2019-05-05 10:12:08,https://www.instagram.com/designerboutique1311/

2019-05-05 10:12:16,https://www.instagram.com/sakshiurvashi/

2019-05-05 10:12:19,https://www.instagram.com/kanchanbajaj1010/

2019-05-05 10:12:23,https://www.instagram.com/tani_1061/

2019-05-05 10:12:27,https://www.instagram.com/pretty.juneja/

2019-05-05 10:12:44,https://www.instagram.com/niya8896/

2019-05-05 10:12:50,https://www.instagram.com/lensation_capture_studio/

2019-05-05 10:13:05,https://www.instagram.com/shaynakakkar/

2019-05-05 10:13:09,https://www.instagram.com/mamtakataria123/

2019-05-05 10:13:25,https://www.instagram.com/priyanka.sharma_/

2019-05-05 10:13:32,https://www.instagram.com/jyotikarana_makeovers/

2019-05-05 10:13:34,https://www.instagram.com/kaur.sumeet1/

2019-05-05 10:13:40,https://www.instagram.com/kanika.vishnoi2/

2019-05-05 10:13:45,https://www.instagram.com/pratishthaarora/

2019-05-05 10:13:49,https://www.instagram.com/aayushikukreja/

2019-05-05 10:13:54,https://www.instagram.com/_littleblackbow_/

2019-05-05 10:13:56,https://www.instagram.com/anishakukreja/

2019-05-05 10:14:01,https://www.instagram.com/poonam_a_agarwal/

2019-05-05 10:14:05,https://www.instagram.com/nonytej/

2019-05-05 10:14:08,https://www.instagram.com/swatikalania/

2019-05-05 10:14:15,https://www.instagram.com/shuttermakhi007/

2019-05-05 10:14:19,https://www.instagram.com/prettifybyneha/

2019-05-05 10:14:23,https://www.instagram.com/poonamverma6511/

2019-05-05 10:14:28,https://www.instagram.com/seolidvrma/

2019-05-05 10:14:30,https://www.instagram.com/jaytisrivastava/

2019-05-05 10:14:34,https://www.instagram.com/jayushi751/

2019-05-05 10:14:38,https://www.instagram.com/swatzkat/

2019-05-05 10:14:43,https://www.instagram.com/_naaz.parvin_/

2019-05-05 10:14:48,https://www.instagram.com/sunitahairstylist/

2019-05-05 10:14:52,https://www.instagram.com/nishamody1979/

2019-05-05 10:14:56,https://www.instagram.com/urbhandiva/

2019-05-05 10:14:59,https://www.instagram.com/mawlaya_swali/

2019-05-05 10:15:01,https://www.instagram.com/stephmooremua/

2019-05-05 10:15:02,https://www.instagram.com/meavish.xx/

2019-05-05 10:15:07,https://www.instagram.com/__misbahnadeemx/

2019-05-05 10:15:13,https://www.instagram.com/jewelsnjhumkis/

2019-05-05 10:15:15,https://www.instagram.com/ahmed_aslam_dosani/

2019-05-05 10:15:17,https://www.instagram.com/ptya2/

2019-05-05 10:15:22,https://www.instagram.com/bellablushbysrishty/

2019-05-05 10:15:26,https://www.instagram.com/kusum_11/

2019-05-05 10:15:30,https://www.instagram.com/chandnisinghstudio/

2019-05-05 10:15:31,https://www.instagram.com/shahnaz1651/

2019-05-05 13:18:44,https://www.instagram.com/gursharan_kaur_1984/

2019-05-05 13:18:46,https://www.instagram.com/soniamrita678/

2019-05-05 13:18:48,https://www.instagram.com/heenanime/

2019-05-05 13:18:51,https://www.instagram.com/miss_santyy/

2019-05-05 13:18:54,https://www.instagram.com/angel_rz_khan/

2019-05-05 13:18:57,https://www.instagram.com/ridhimabang/

2019-05-05 13:19:00,https://www.instagram.com/_jyomittal_/

2019-05-05 13:19:04,https://www.instagram.com/afsanasahilmalek/

2019-05-05 13:19:07,https://www.instagram.com/saira1277/

2019-05-05 13:19:11,https://www.instagram.com/beautyallfrom/

2019-05-05 13:19:14,https://www.instagram.com/paperflourishes/

2019-05-05 13:19:18,https://www.instagram.com/d_r_i_s_h_t_i_19290305/

2019-05-05 13:19:21,https://www.instagram.com/megha__purohit_sangani/

2019-05-05 13:19:24,https://www.instagram.com/dimpleruhil/

2019-05-05 13:19:27,https://www.instagram.com/resilient_soul_reet/

2019-05-05 13:19:33,https://www.instagram.com/poonamkundlia2/

2019-05-05 13:19:36,https://www.instagram.com/shinu3222/

2019-05-05 13:19:38,https://www.instagram.com/soniapawar5327/

2019-05-05 13:19:40,https://www.instagram.com/muskan_8054/

2019-05-05 13:19:43,https://www.instagram.com/ritupatel_06/

2019-05-05 13:19:45,https://www.instagram.com/minal2161/

2019-05-05 13:19:47,https://www.instagram.com/josfie.khongsit/

2019-05-05 13:19:52,https://www.instagram.com/jaiminee_limbachiya_singer/

2019-05-05 13:19:59,https://www.instagram.com/banu_mika/

2019-05-05 13:20:01,https://www.instagram.com/sanpity78/

2019-05-05 13:20:09,https://www.instagram.com/i_m_ricky3/

2019-05-05 13:20:12,https://www.instagram.com/ja.ssi669/

2019-05-05 13:20:27,https://www.instagram.com/beautysnitches/

2019-05-05 13:20:46,https://www.instagram.com/neetusinghsolanki5128/

2019-05-05 13:20:56,https://www.instagram.com/neeru1967/

2019-05-05 13:21:00,https://www.instagram.com/dilpreet_arora/

2019-05-05 13:21:04,https://www.instagram.com/tanvi.pandit/

2019-05-05 13:21:16,https://www.instagram.com/holy_makeup_/

2019-05-05 13:21:23,https://www.instagram.com/makeupbyaditikashyap/

2019-05-05 13:21:34,https://www.instagram.com/makeoversbysalonipatni/

2019-05-05 13:21:39,https://www.instagram.com/0011kanchan/

2019-05-05 13:21:43,https://www.instagram.com/shakira_bashir/

2019-05-05 13:21:58,https://www.instagram.com/shampy_madan/

2019-05-05 13:22:05,https://www.instagram.com/ishikka2684/

2019-05-05 13:22:10,https://www.instagram.com/bajaj170/

2019-05-05 13:22:19,https://www.instagram.com/divyang_patil18/

2019-05-05 13:22:32,https://www.instagram.com/ankkit.malik/

2019-05-05 13:22:38,https://www.instagram.com/aakriti_soni_/

2019-05-05 13:23:00,https://www.instagram.com/anks_89/

2019-05-05 13:23:09,https://www.instagram.com/sawyerandsawyerphotography/

2019-05-05 13:23:36,https://www.instagram.com/loellacosmetics/

2019-05-05 13:23:46,https://www.instagram.com/aksbydipika/

2019-05-05 13:24:01,https://www.instagram.com/sukhmeet3503/

2019-05-05 13:24:13,https://www.instagram.com/charusemwal/

2019-05-05 13:24:22,https://www.instagram.com/lydia_khundongbam/

2019-05-05 13:24:43,https://www.instagram.com/makeupbyshriyapardalsingh/

2019-05-05 13:24:48,https://www.instagram.com/magu.vinny/

2019-05-05 13:25:08,https://www.instagram.com/mimansanangia/

2019-05-05 13:25:13,https://www.instagram.com/ynickysingh/

2019-05-05 13:25:26,https://www.instagram.com/shyamas_makeover/

2019-05-05 13:25:46,https://www.instagram.com/sunil_chandyoke_/

2019-05-05 13:25:51,https://www.instagram.com/rehavij/

2019-05-05 13:26:00,https://www.instagram.com/poojarawat_artistry/

2019-05-05 13:26:08,https://www.instagram.com/makeup_by_vishalsodhi/

2019-05-05 13:26:13,https://www.instagram.com/manudheerajmakeupartist/

2019-05-05 13:26:16,https://www.instagram.com/budamarkmakeup/

2019-05-05 13:26:19,https://www.instagram.com/simran.jagdev/

2019-05-05 13:26:21,https://www.instagram.com/miss_u_papa_/

2019-05-05 13:26:23,https://www.instagram.com/khushi_jolly/

2019-05-05 13:26:25,https://www.instagram.com/meenakshi.roy.1993/

2019-05-05 13:26:28,https://www.instagram.com/madhu1978/

2019-05-05 13:26:39,https://www.instagram.com/debjanicaroleaich/

2019-05-05 13:26:43,https://www.instagram.com/sonam._95/

2019-05-05 13:26:53,https://www.instagram.com/gursheen93/

2019-05-05 13:27:05,https://www.instagram.com/zuni_shopping11/

2019-05-05 13:27:10,https://www.instagram.com/gitanjali9508/

2019-05-05 13:27:14,https://www.instagram.com/baksheeshkaurdhamija/

2019-05-05 13:27:20,https://www.instagram.com/vaishali2912/

2019-05-05 13:27:33,https://www.instagram.com/winsome_story/

2019-05-05 13:27:39,https://www.instagram.com/po.onam7162/

2019-05-05 13:27:42,https://www.instagram.com/madhuri_swati/

2019-05-05 13:27:46,https://www.instagram.com/jasbeer4988/

2019-05-05 13:27:53,https://www.instagram.com/kashish.rawat/

2019-05-05 13:28:00,https://www.instagram.com/manish.tiwari.79677471/

2019-05-05 13:28:22,https://www.instagram.com/rishikesh_om_namah_72_12/

2019-05-05 13:28:42,https://www.instagram.com/rj_jaspal/

2019-05-05 13:28:49,https://www.instagram.com/ravita.ravita/

2019-05-05 13:28:54,https://www.instagram.com/c_neelu/

2019-05-05 13:29:01,https://www.instagram.com/charuyadav20/

2019-05-05 13:29:29,https://www.instagram.com/sayyedchandbi123/

2019-05-05 13:29:40,https://www.instagram.com/ritu.sood9/

2019-05-05 13:30:05,https://www.instagram.com/am.an1756/

2019-05-05 13:30:39,https://www.instagram.com/arummalviya/

2019-05-05 13:31:09,https://www.instagram.com/rekha.rathod.980967/

2019-05-05 13:31:59,https://www.instagram.com/amrita.makeup/

2019-05-05 13:32:48,https://www.instagram.com/shivenchy/

2019-05-05 13:32:57,https://www.instagram.com/nazia2423/

2019-05-05 13:33:16,https://www.instagram.com/kalra6439/

2019-05-05 13:33:27,https://www.instagram.com/aleghr__234/

2019-05-05 13:33:49,https://www.instagram.com/meba87/

2019-05-05 13:34:07,https://www.instagram.com/akera_2329/

2019-05-05 13:34:16,https://www.instagram.com/ti6827/

2019-05-05 13:34:20,https://www.instagram.com/preety.jha/

2019-05-05 13:34:29,https://www.instagram.com/official__dimple_kaur/

2019-05-05 13:34:35,https://www.instagram.com/neharaniguttedar/

2019-05-05 13:34:52,https://www.instagram.com/rock_me_fabulous_by_rupali/

2019-05-05 13:35:11,https://www.instagram.com/aanchal.mishra.18294/

2019-05-05 13:35:25,https://www.instagram.com/dabgar_nandini/

2019-05-05 13:35:56,https://www.instagram.com/pavitra_aa/

2019-05-05 13:37:53,https://www.instagram.com/pra_kriti25/

2019-05-05 13:38:01,https://www.instagram.com/asli_nam/

2019-05-05 13:38:15,https://www.instagram.com/samankhinda3/

2019-05-05 13:38:24,https://www.instagram.com/shrutiguptarana/

2019-05-05 13:38:34,https://www.instagram.com/dhindsab/

2019-05-05 13:38:49,https://www.instagram.com/apoorvag826/

2019-05-05 13:40:00,https://www.instagram.com/makeupbykanikakhatri/

2019-05-05 13:40:45,https://www.instagram.com/baby_cl_me_ice/

2019-05-05 13:40:56,https://www.instagram.com/maryam_rathore83/

2019-05-05 13:41:01,https://www.instagram.com/manishakataria1616/

2019-05-05 13:41:15,https://www.instagram.com/pamnani24/

2019-05-05 13:41:21,https://www.instagram.com/komalsingh1998/

2019-05-05 13:41:25,https://www.instagram.com/marilu0112/

2019-05-05 13:41:28,https://www.instagram.com/mandeepkatwal/

2019-05-05 13:41:44,https://www.instagram.com/shaikhnas17860/

2019-05-05 13:41:50,https://www.instagram.com/sapnauppal/

2019-05-05 13:41:53,https://www.instagram.com/_gurjar2323/

2019-05-05 13:42:01,https://www.instagram.com/skygal_muskan/

2019-05-05 13:42:05,https://www.instagram.com/itz.kashish/

2019-05-05 13:42:24,https://www.instagram.com/_amanpreet_kaur_sidhu_/

2019-05-05 13:44:15,https://www.instagram.com/theincroyableshop/

2019-05-05 13:44:45,https://www.instagram.com/bhumikavashney/

2019-05-05 13:45:10,https://www.instagram.com/gemishi99/

2019-05-05 13:45:19,https://www.instagram.com/sahiba3107/

2019-05-05 13:45:22,https://www.instagram.com/mini_madhwal/

2019-05-05 13:45:30,https://www.instagram.com/arushi_jain29/

2019-05-05 13:45:36,https://www.instagram.com/anzyshah1998/

2019-05-05 13:45:57,https://www.instagram.com/i_babyboo/

2019-05-05 13:46:03,https://www.instagram.com/deepali_tennis_2511/

2019-05-05 13:46:12,https://www.instagram.com/its_param7/

2019-05-05 13:46:37,https://www.instagram.com/pritikaraghuvanshi/

2019-05-05 13:46:57,https://www.instagram.com/dj4n_criminal/

2019-05-05 13:47:21,https://www.instagram.com/queen_of___home_/

2019-05-05 13:47:35,https://www.instagram.com/mswasi/

2019-05-05 13:47:41,https://www.instagram.com/shruti_suji/

2019-05-05 13:47:58,https://www.instagram.com/poojarmishra/

2019-05-05 13:48:25,https://www.instagram.com/cherrycosmo.in/

2019-05-05 13:48:44,https://www.instagram.com/mandygrewal3/

2019-05-05 13:49:12,https://www.instagram.com/sarabjeet_kaur1313/

2019-05-05 13:49:32,https://www.instagram.com/poojabhutani11/

2019-05-05 13:49:55,https://www.instagram.com/kamalrani99107/

2019-05-05 13:50:11,https://www.instagram.com/mysteriousbynpn/

2019-05-05 13:50:13,https://www.instagram.com/kriti_makkar/

2019-05-05 13:50:33,https://www.instagram.com/shadigoals/

2019-05-05 13:50:46,https://www.instagram.com/somya_prabhat/

2019-05-05 13:50:51,https://www.instagram.com/rebelheartmeenu/

2019-05-05 13:50:54,https://www.instagram.com/nehajindal254/

2019-05-05 13:51:04,https://www.instagram.com/seemaray17/

2019-05-05 13:51:07,https://www.instagram.com/neha_jain_on_insta/

2019-05-05 13:51:10,https://www.instagram.com/nhancebynaina/

2019-05-05 13:51:13,https://www.instagram.com/chinki8084/

2019-05-05 13:51:16,https://www.instagram.com/himanshi_rashmil_9_dec/

2019-05-05 13:51:22,https://www.instagram.com/sumankumari9163/

2019-05-05 13:51:27,https://www.instagram.com/sbneetu1987/

2019-05-05 13:51:30,https://www.instagram.com/guptnan/

2019-05-05 13:51:33,https://www.instagram.com/menakamidha/

2019-05-05 13:51:37,https://www.instagram.com/swatimandalmua/

2019-05-05 13:51:39,https://www.instagram.com/beauty.splurge_makeup.shop/

2019-05-05 13:51:43,https://www.instagram.com/vandana426/

2019-05-05 13:51:48,https://www.instagram.com/nancythemakeupartist/

2019-05-05 13:51:51,https://www.instagram.com/aaishasharma096/

2019-05-05 13:51:54,https://www.instagram.com/nishitapatil99/

2019-05-05 13:51:59,https://www.instagram.com/kaynanarula/

2019-05-05 13:52:14,https://www.instagram.com/dimpleewadhwa/

2019-05-05 13:52:36,https://www.instagram.com/blossomstyling/

2019-05-05 13:52:52,https://www.instagram.com/himanimahajan2010/

2019-05-05 13:52:55,https://www.instagram.com/lovina_adnani_official_2/

2019-05-05 13:52:58,https://www.instagram.com/shalini_taneja/

2019-05-05 13:53:13,https://www.instagram.com/shilpikhanijow/

2019-05-05 13:53:15,https://www.instagram.com/chawlasarika/

2019-05-05 13:53:18,https://www.instagram.com/sachinarora59/

2019-05-05 13:53:21,https://www.instagram.com/jassjasmine24/

2019-05-05 13:53:23,https://www.instagram.com/vaishalisehgal/

2019-05-05 13:53:25,https://www.instagram.com/ritu.sareen.33/

2019-05-05 13:53:27,https://www.instagram.com/khuranabharti/

2019-05-05 13:53:30,https://www.instagram.com/ishawadhwa21/

2019-05-05 13:53:32,https://www.instagram.com/bazila._wani/

2019-05-05 13:53:34,https://www.instagram.com/noorsalehbahwares/

2019-05-05 13:53:37,https://www.instagram.com/harshida.chavda.50/

2019-05-05 13:53:40,https://www.instagram.com/makeupbyupasana/

2019-05-05 13:53:42,https://www.instagram.com/amrit.manna/

2019-05-05 13:53:44,https://www.instagram.com/alishasroa/

2019-05-05 13:53:46,https://www.instagram.com/tanni.gandhi53/

2019-05-05 13:53:50,https://www.instagram.com/archanasmakeoverstudio/

2019-05-05 13:53:53,https://www.instagram.com/naveen7781kumar/

2019-05-05 13:53:55,https://www.instagram.com/poonamarneja/

2019-05-05 13:53:59,https://www.instagram.com/stylethylook/

2019-05-05 13:54:02,https://www.instagram.com/ajaykalya/

2019-05-05 13:54:06,https://www.instagram.com/barunishi/

2019-05-05 13:54:09,https://www.instagram.com/nishasharma8218/

2019-05-05 13:54:11,https://www.instagram.com/zairauzma/

2019-05-05 13:54:13,https://www.instagram.com/neenasharma2292/

2019-05-05 13:54:14,https://www.instagram.com/charminglabs/

2019-05-05 13:54:16,https://www.instagram.com/rsoni49_/

2019-05-05 13:54:19,https://www.instagram.com/sharma.harsha/

2019-05-05 13:54:35,https://www.instagram.com/blingjaya/

2019-05-05 13:54:51,https://www.instagram.com/rickychawria/

2019-05-05 14:00:31,https://www.instagram.com/makeoverbyprachi/

2019-05-05 14:00:50,https://www.instagram.com/beautefavourites/

2019-05-05 14:00:59,https://www.instagram.com/payal.vohra1/

2019-05-05 14:01:14,https://www.instagram.com/jhankrit.budhiraja/

2019-05-05 14:01:16,https://www.instagram.com/fatehlubana/

2019-05-05 14:01:24,https://www.instagram.com/pritibogar/

2019-05-05 14:01:27,https://www.instagram.com/bhumikadivyesh/

2019-05-05 14:01:40,https://www.instagram.com/princessrifu/

2019-05-05 14:01:43,https://www.instagram.com/saniya_shar26/

2019-05-05 14:01:47,https://www.instagram.com/nehamumbai/

2019-05-05 14:01:53,https://www.instagram.com/_onkar_sharma_/

2019-05-05 14:01:57,https://www.instagram.com/hem1083/

2019-05-05 14:02:03,https://www.instagram.com/montytalwar007/

2019-05-05 14:02:06,https://www.instagram.com/roseleafbrar/

2019-05-05 14:02:20,https://www.instagram.com/vivebridals/

2019-05-05 14:02:24,https://www.instagram.com/tqh_m/

2019-05-05 14:02:34,https://www.instagram.com/sadiahabib786/

2019-05-05 14:02:38,https://www.instagram.com/amy07sandhu/

2019-05-05 14:02:46,https://www.instagram.com/r2fashion786/

2019-05-05 14:02:50,https://www.instagram.com/arshi_ansari25/

2019-05-05 14:02:53,https://www.instagram.com/sandi_virk/

2019-05-05 14:02:56,https://www.instagram.com/sammy_mwahhx/

2019-05-05 14:02:59,https://www.instagram.com/aizinoor/

2019-05-05 14:03:05,https://www.instagram.com/sofia_abbas2106/

2019-05-05 14:03:08,https://www.instagram.com/masuma114/

2019-05-05 14:03:10,https://www.instagram.com/angelsharma2310/

2019-05-05 14:03:19,https://www.instagram.com/melissachicnyc/

2019-05-05 14:03:24,https://www.instagram.com/tinamasih87/

2019-05-05 14:03:27,https://www.instagram.com/rqauh98/

2019-05-05 14:03:30,https://www.instagram.com/moonah.s/

2019-05-05 14:03:48,https://www.instagram.com/makeoversbyridhiverma/

2019-05-05 14:03:53,https://www.instagram.com/shweta.pucchuuu/

2019-05-05 14:03:56,https://www.instagram.com/chadha_surbhi/

2019-05-05 14:03:58,https://www.instagram.com/trisoni33/

2019-05-05 14:04:13,https://www.instagram.com/merakibyritika/

2019-05-05 14:04:17,https://www.instagram.com/ruchiekothari/

2019-05-05 14:04:40,https://www.instagram.com/dulhanama/

2019-05-05 14:04:45,https://www.instagram.com/punjabo3313/

2019-05-05 14:05:00,https://www.instagram.com/sonu_makeup_artist_/

2019-05-05 14:05:05,https://www.instagram.com/seema80/

2019-05-05 14:05:20,https://www.instagram.com/makeoversbymonachugh/

2019-05-05 14:05:39,https://www.instagram.com/neha_3407/

2019-05-05 14:05:55,https://www.instagram.com/alicechriswinter/

2019-05-05 14:06:01,https://www.instagram.com/kanikaa.u/

2019-05-05 14:06:13,https://www.instagram.com/nidhitiwaritalwar/

2019-05-05 14:06:24,https://www.instagram.com/thanuja7774/

2019-05-05 14:06:28,https://www.instagram.com/deepali.jindal1/

2019-05-05 14:06:40,https://www.instagram.com/rachitbansal19/

2019-05-05 14:06:57,https://www.instagram.com/shivangi.jindal/

2019-05-05 14:07:20,https://www.instagram.com/nidhisahildhawan/

2019-05-05 14:07:24,https://www.instagram.com/monadasmana/

2019-05-05 14:07:45,https://www.instagram.com/soni.annie143/

2019-05-05 14:08:08,https://www.instagram.com/officialcindy/

2019-05-05 14:08:35,https://www.instagram.com/kannan.monisha/

2019-05-05 14:08:40,https://www.instagram.com/_s_tanu_55313/

2019-05-05 14:08:54,https://www.instagram.com/makeupbyjacquidm/

2019-05-05 14:09:04,https://www.instagram.com/panache_brides/

2019-05-05 14:09:10,https://www.instagram.com/in_blue_funk/

2019-05-05 14:09:23,https://www.instagram.com/nehaawishwakarma/

2019-05-05 14:09:29,https://www.instagram.com/adeebarochian/

2019-05-05 14:09:40,https://www.instagram.com/bhawnaanandkohli/

2019-05-05 14:09:55,https://www.instagram.com/jessicasinghx/

2019-05-05 14:10:10,https://www.instagram.com/you_r_gift/

2019-05-05 14:10:14,https://www.instagram.com/meghasharma378/

2019-05-05 14:10:23,https://www.instagram.com/khan_farh33n/

2019-05-05 14:10:36,https://www.instagram.com/nautiyal6009/

2019-05-05 14:10:42,https://www.instagram.com/kaur_sat/

2019-05-05 14:10:45,https://www.instagram.com/simrankhan181/

2019-05-05 14:10:54,https://www.instagram.com/kh.adija6024/

2019-05-05 14:11:09,https://www.instagram.com/shaancool99/

2019-05-05 14:11:31,https://www.instagram.com/vie_is_life/

2019-05-05 14:11:35,https://www.instagram.com/azharkanjoazharkanjo/

2019-05-05 14:11:38,https://www.instagram.com/madhu_70517/

2019-05-05 14:11:49,https://www.instagram.com/umrahalarab/

2019-05-05 14:11:53,https://www.instagram.com/nainagrover22/

2019-05-05 14:11:59,https://www.instagram.com/2untold_story/

2019-05-05 14:12:03,https://www.instagram.com/prajaktasarwade/

2019-05-05 14:12:07,https://www.instagram.com/lovepreet_9716/

2019-05-05 14:12:10,https://www.instagram.com/kajal_hans99/

2019-05-05 14:12:17,https://www.instagram.com/jasmin.parkar/

2019-05-05 14:12:22,https://www.instagram.com/tassu_huzefa/

2019-05-05 14:12:35,https://www.instagram.com/khan.sabiha990/

2019-05-05 14:12:59,https://www.instagram.com/_pallabi.s/

2019-05-05 14:13:41,https://www.instagram.com/bhole_ki_ladli_chhori/

2019-05-05 14:13:50,https://www.instagram.com/natashakukreja1020/

2019-05-05 14:14:11,https://www.instagram.com/sadia_7262/

2019-05-05 14:14:15,https://www.instagram.com/aiman_sikandar/

2019-05-05 14:14:38,https://www.instagram.com/chand_ahuja12/

2019-05-05 14:15:15,https://www.instagram.com/muskan_beauty_parlour_/

2019-05-05 14:15:49,https://www.instagram.com/tiatashian/

2019-05-05 14:16:00,https://www.instagram.com/sonam.tripathi/

2019-05-05 14:16:28,https://www.instagram.com/gorgious_foru/

2019-05-05 14:16:34,https://www.instagram.com/laiba2960/

2019-05-05 14:16:59,https://www.instagram.com/i_shikha_cool/

2019-05-05 14:17:10,https://www.instagram.com/honey_bee699/

2019-05-05 14:17:26,https://www.instagram.com/sanju_kanwar_sk/

2019-05-05 14:17:36,https://www.instagram.com/samira_makeupnhair/

2019-05-05 14:17:43,https://www.instagram.com/rakhichandrayadav/

2019-05-05 14:17:53,https://www.instagram.com/yogitamanchanda/

2019-05-05 14:18:05,https://www.instagram.com/ainihaider73/

2019-05-05 14:18:26,https://www.instagram.com/makeupartistnadia/

2019-05-05 14:18:42,https://www.instagram.com/rekhamangal/

2019-05-05 14:19:03,https://www.instagram.com/jinkal53/

2019-05-05 14:19:09,https://www.instagram.com/radhesakhi/

2019-05-05 14:19:33,https://www.instagram.com/__smileallday_/

2019-05-05 14:19:45,https://www.instagram.com/jaskaur4416/

2019-05-05 14:20:00,https://www.instagram.com/salonikr_official/

2019-05-05 14:20:09,https://www.instagram.com/ruchee26/

2019-05-05 14:20:17,https://www.instagram.com/vishakhadhodi/

2019-05-05 14:20:20,https://www.instagram.com/dip_shee_na/

2019-05-05 14:20:25,https://www.instagram.com/manavshalini/

2019-05-05 14:20:32,https://www.instagram.com/kiranchoudhary591/

2019-05-05 14:20:39,https://www.instagram.com/koki8867/

2019-05-05 14:20:52,https://www.instagram.com/arjunsing21/

2019-05-05 14:21:03,https://www.instagram.com/shaikhmehjabien/

2019-05-05 14:21:10,https://www.instagram.com/johnson9klm/

2019-05-05 14:21:15,https://www.instagram.com/harjitjassgill/

2019-05-05 14:21:25,https://www.instagram.com/bhawnapiu/

2019-05-05 14:21:36,https://www.instagram.com/ree_r1/

2019-05-05 14:21:40,https://www.instagram.com/shivangiupadhyay__/

2019-05-05 14:21:45,https://www.instagram.com/zaraqasim5/

2019-05-05 14:22:04,https://www.instagram.com/hazari_munira/

2019-05-05 14:22:09,https://www.instagram.com/zoma_sheikh_/

2019-05-05 14:22:33,https://www.instagram.com/srma.shweta/

2019-05-05 14:23:00,https://www.instagram.com/mousamisolanki/

2019-05-05 14:23:25,https://www.instagram.com/surabhi8424/

2019-05-05 14:23:33,https://www.instagram.com/iqrastic_/

2019-05-05 14:23:56,https://www.instagram.com/s_khuwaja/

2019-05-05 14:24:02,https://www.instagram.com/bepanh_mohababt/

2019-05-05 14:24:07,https://www.instagram.com/nashimaparveen15/

2019-05-05 14:24:11,https://www.instagram.com/hina_jaff_rani/

2019-05-05 14:24:19,https://www.instagram.com/nishagill16/

2019-05-05 14:24:31,https://www.instagram.com/swaness/

2019-05-05 14:24:39,https://www.instagram.com/sansarawarjri/

2019-05-05 14:24:43,https://www.instagram.com/alisingh08alisha_singh/

2019-05-05 14:24:49,https://www.instagram.com/sanaimransana953/

2019-05-05 14:24:53,https://www.instagram.com/punamchugh/

2019-05-05 14:25:09,https://www.instagram.com/makeupbynajat/

2019-05-05 14:25:26,https://www.instagram.com/rini_neema/

2019-05-05 14:25:38,https://www.instagram.com/devmonshop/

2019-05-05 14:25:51,https://www.instagram.com/ananya2617/

2019-05-05 14:26:02,https://www.instagram.com/divya128_/

2019-05-05 14:26:14,https://www.instagram.com/sandhya_atre/

2019-05-05 14:26:21,https://www.instagram.com/nainasharma594/

2019-05-05 14:26:41,https://www.instagram.com/pathakarchna529/

2019-05-05 14:26:50,https://www.instagram.com/vriti.vriti/

2019-05-05 14:26:54,https://www.instagram.com/shafaq_afroz/

2019-05-05 14:26:59,https://www.instagram.com/smriti_thakur_91/

2019-05-05 14:27:02,https://www.instagram.com/daljeet_jugraj_aulakh/

2019-05-05 14:27:07,https://www.instagram.com/parultanwar85/

2019-05-05 14:27:19,https://www.instagram.com/makeupandhairartbyraveena/

2019-05-05 14:27:26,https://www.instagram.com/swyamkhattry/

2019-05-05 14:27:31,https://www.instagram.com/nainaverma16/

2019-05-05 14:27:55,https://www.instagram.com/gunjandipak/

2019-05-05 14:28:07,https://www.instagram.com/pruneindia/

2019-05-05 14:28:19,https://www.instagram.com/raabtabyrahul/

2019-05-05 14:28:43,https://www.instagram.com/renu.ahuja.3572/

2019-05-05 14:29:10,https://www.instagram.com/simranpreet_ka0r/

2019-05-05 14:29:29,https://www.instagram.com/deep_k0urr/

2019-05-05 14:29:31,https://www.instagram.com/shaziyask/

2019-05-05 14:29:47,https://www.instagram.com/sanjidafaruk/

2019-05-05 14:29:50,https://www.instagram.com/salimaalia/

2019-05-05 14:30:02,https://www.instagram.com/pathaksweta/

2019-05-05 14:30:06,https://www.instagram.com/sanrajani/

2019-05-05 14:30:10,https://www.instagram.com/minhaz_d_khan/

2019-05-05 14:30:22,https://www.instagram.com/tarsemsinghlehar/

2019-05-05 14:30:36,https://www.instagram.com/girlwidnoplan/

2019-05-05 14:30:40,https://www.instagram.com/nishu_25_08/

2019-05-05 14:30:43,https://www.instagram.com/pallavi_abir/

2019-05-05 14:30:46,https://www.instagram.com/megz_it_is/

2019-05-05 14:30:49,https://www.instagram.com/hinaqureshi47/

2019-05-05 14:30:52,https://www.instagram.com/jyotikarhana/

2019-05-05 14:30:56,https://www.instagram.com/sheenasuluja.670/

2019-05-05 14:31:08,https://www.instagram.com/afshazubershaikh/

2019-05-05 14:31:19,https://www.instagram.com/yusra.jalal/

2019-05-05 14:31:35,https://www.instagram.com/anisajiwa/

2019-05-05 14:31:53,https://www.instagram.com/rajatlaxmigaikwad1990/

2019-05-05 14:32:00,https://www.instagram.com/hina8arshad/

2019-05-05 14:32:06,https://www.instagram.com/kohli__pari/

2019-05-05 14:32:18,https://www.instagram.com/kavitasingh368/

2019-05-05 14:32:26,https://www.instagram.com/ss8706065/

2019-05-05 14:32:30,https://www.instagram.com/dimpleroy4905/

2019-05-05 14:32:39,https://www.instagram.com/ghanshyamramani73/

2019-05-05 14:32:46,https://www.instagram.com/ambika_tarot/

2019-05-05 14:32:51,https://www.instagram.com/miss_armis_88/

2019-05-05 14:32:55,https://www.instagram.com/makeupbykarishmasaud/

2019-05-05 14:33:00,https://www.instagram.com/devramansingh/

2019-05-05 14:33:04,https://www.instagram.com/ahemsaxena/

2019-05-05 14:33:10,https://www.instagram.com/aditimakeovers/

2019-05-05 14:33:21,https://www.instagram.com/iambhavyamonga/

2019-05-05 14:33:28,https://www.instagram.com/manish.am1410054/

2019-05-05 14:33:39,https://www.instagram.com/cindrella_beautycare/

2019-05-05 14:33:45,https://www.instagram.com/md.kashifhussan/

2019-05-05 14:33:52,https://www.instagram.com/rajesh_singh_26/

2019-05-05 14:33:59,https://www.instagram.com/priyalvrahul/

2019-05-05 14:34:03,https://www.instagram.com/divya_1429/

2019-05-05 14:34:07,https://www.instagram.com/anju.khosla/

2019-05-05 14:34:19,https://www.instagram.com/ritu.p.alps1991/

2019-05-05 14:34:25,https://www.instagram.com/monikasingh_official_fanpage/

2019-05-05 14:34:30,https://www.instagram.com/bansal.sarita/

2019-05-05 14:34:41,https://www.instagram.com/malhotra999/

2019-05-05 15:00:59,https://www.instagram.com/soniamehra12027/

2019-05-05 15:01:11,https://www.instagram.com/merryportrait/

2019-05-05 15:01:21,https://www.instagram.com/aashi25b/

2019-05-05 15:01:45,https://www.instagram.com/sonalii_bhasin/

2019-05-05 15:01:57,https://www.instagram.com/hamid.8755/

2019-05-05 15:02:04,https://www.instagram.com/afsanairfankhan/

2019-05-05 15:02:18,https://www.instagram.com/jogitanwar/

2019-05-05 15:02:23,https://www.instagram.com/karunaviniyani/

2019-05-05 15:02:33,https://www.instagram.com/billychawla/

2019-05-05 15:02:40,https://www.instagram.com/ba.by2796/

2019-05-05 15:02:54,https://www.instagram.com/photographerhimanshubisht/

2019-05-05 15:03:07,https://www.instagram.com/ramangujjar1882/

2019-05-05 15:03:13,https://www.instagram.com/neenasingh01/

2019-05-05 15:03:28,https://www.instagram.com/atulchauhanmakeovers/

2019-05-05 15:03:34,https://www.instagram.com/ki2_24/

2019-05-05 15:03:43,https://www.instagram.com/saumya_makeovers/

2019-05-05 15:04:11,https://www.instagram.com/samaira298/

2019-05-05 15:04:34,https://www.instagram.com/ashwmani/

2019-05-05 15:04:55,https://www.instagram.com/sanchikaaroradhingra/

2019-05-05 15:05:15,https://www.instagram.com/beautybysidney95/

2019-05-05 15:05:34,https://www.instagram.com/drish0401/

2019-05-05 15:05:36,https://www.instagram.com/ranii_123/

2019-05-05 15:05:53,https://www.instagram.com/ismailashraf1998/

2019-05-05 15:05:57,https://www.instagram.com/makeupbytiamhx/

2019-05-05 15:06:01,https://www.instagram.com/_makeupwithshelinn/

2019-05-05 15:06:03,https://www.instagram.com/mariiya_xo/

2019-05-05 15:06:08,https://www.instagram.com/__ashbeauty__/

2019-05-05 15:06:13,https://www.instagram.com/niha_93/

2019-05-05 15:06:15,https://www.instagram.com/jain_khyati/

2019-05-05 15:06:22,https://www.instagram.com/flaunt_that_/

2019-05-05 15:06:24,https://www.instagram.com/kt_mahajan/

2019-05-05 15:06:27,https://www.instagram.com/samriti_thareja/

2019-05-05 15:06:29,https://www.instagram.com/jayasree0313/

2019-05-05 15:06:31,https://www.instagram.com/shamshines/

2019-05-05 15:06:33,https://www.instagram.com/kxthuriabhoomika/

2019-05-05 15:06:40,https://www.instagram.com/surbhisharma1023/

2019-05-05 15:06:42,https://www.instagram.com/ashneettt_256/

2019-05-05 15:06:44,https://www.instagram.com/thedream.world/

2019-05-05 15:06:48,https://www.instagram.com/jyotirlamba/

2019-05-05 15:06:50,https://www.instagram.com/neetataurani/

2019-05-05 15:06:53,https://www.instagram.com/aarabbhaisumara/

2019-05-05 15:07:03,https://www.instagram.com/monikarana551/

2019-05-05 15:07:11,https://www.instagram.com/winsomebysimran/

2019-05-05 15:07:13,https://www.instagram.com/priyanka_arora18/

2019-05-05 15:07:16,https://www.instagram.com/gajera_dhara/

2019-05-05 15:07:18,https://www.instagram.com/saima.amin.1088/

2019-05-05 15:07:21,https://www.instagram.com/mehak1128/

2019-05-05 15:07:28,https://www.instagram.com/beautyscoopindia/

2019-05-05 15:07:36,https://www.instagram.com/supergirlkaashvi/

2019-05-05 15:07:39,https://www.instagram.com/iamsaraa31/

2019-05-05 15:07:54,https://www.instagram.com/garima.ahu/

2019-05-05 15:07:56,https://www.instagram.com/anuarora87/

2019-05-05 15:08:11,https://www.instagram.com/prieeanca/

2019-05-05 15:08:17,https://www.instagram.com/seemalavishbeauty/

2019-05-05 15:08:22,https://www.instagram.com/daisykapoor73/

2019-05-05 15:08:42,https://www.instagram.com/deepti5280/

2019-05-05 15:08:56,https://www.instagram.com/pujagupta001/

2019-05-05 15:09:11,https://www.instagram.com/farazhenna/

2019-05-05 15:09:22,https://www.instagram.com/amit_arora0911/

2019-05-05 15:09:24,https://www.instagram.com/mitaliankur/

2019-05-05 15:09:27,https://www.instagram.com/sneha_1493/

2019-05-05 15:09:29,https://www.instagram.com/s_p_offical_page/

2019-05-05 15:09:35,https://www.instagram.com/siya_makeovers/

2019-05-05 15:09:39,https://www.instagram.com/chhabraannu/

2019-05-05 15:09:41,https://www.instagram.com/mahira_shaikh_922/

2019-05-05 15:09:43,https://www.instagram.com/farheen_khan/

2019-05-05 15:09:46,https://www.instagram.com/pr.incess8307/

2019-05-05 15:09:48,https://www.instagram.com/farzanafayaz/

2019-05-05 15:09:52,https://www.instagram.com/shivangi.rustagi/

2019-05-05 15:09:56,https://www.instagram.com/christophermichelle/

2019-05-05 15:09:58,https://www.instagram.com/zeenat612/

2019-05-05 15:10:07,https://www.instagram.com/tripathianjali6/

2019-05-05 15:10:10,https://www.instagram.com/vinti_shaundh/

2019-05-05 15:10:18,https://www.instagram.com/isheetaltripathi/

2019-05-05 15:10:26,https://www.instagram.com/mausami_mandal_/

2019-05-05 15:10:45,https://www.instagram.com/theritikarai/

2019-05-05 15:10:46,https://www.instagram.com/meenakshighai0222/

2019-05-05 15:11:06,https://www.instagram.com/ridhi.kale/

2019-05-05 15:11:18,https://www.instagram.com/neha1722singh/

2019-05-05 15:11:20,https://www.instagram.com/im_sonpreet/

2019-05-05 15:11:23,https://www.instagram.com/palaksachdevaa/

2019-05-05 15:11:25,https://www.instagram.com/aishwarya.vj/

2019-05-05 15:11:28,https://www.instagram.com/paintermakwana56/

2019-05-05 15:11:31,https://www.instagram.com/neetuchopraofficial/

2019-05-05 15:11:32,https://www.instagram.com/dolfisingla/

2019-05-05 15:11:34,https://www.instagram.com/__saloni.sahay.__/

2019-05-05 15:11:36,https://www.instagram.com/shveta_g30/

2019-05-05 15:11:40,https://www.instagram.com/themysticspellcaster/

2019-05-05 15:11:43,https://www.instagram.com/stylesh_bags/

2019-05-05 15:11:46,https://www.instagram.com/muskan_3344/

2019-05-05 15:11:48,https://www.instagram.com/_swati_tanwar_/

2019-05-05 15:11:51,https://www.instagram.com/picturesmith.in/

2019-05-05 15:11:53,https://www.instagram.com/_deepikafan/

2019-05-05 15:11:55,https://www.instagram.com/sharma_swati/

2019-05-05 15:11:59,https://www.instagram.com/makeupbyvishalk/

2019-05-05 15:12:03,https://www.instagram.com/jannat.81/

2019-05-05 15:12:06,https://www.instagram.com/ritikaswani/

2019-05-05 15:12:10,https://www.instagram.com/kanak084/

2019-05-05 15:12:13,https://www.instagram.com/dev_choudhary_0001/

2019-05-05 15:12:16,https://www.instagram.com/priyabajaj1093/

2019-05-05 15:12:18,https://www.instagram.com/itz_guri_00/

2019-05-05 15:12:21,https://www.instagram.com/bhumi.tandon.77/

2019-05-05 15:12:24,https://www.instagram.com/arpita.singh.77920/

2019-05-05 15:12:26,https://www.instagram.com/ajat.talwar/

2019-05-05 15:12:27,https://www.instagram.com/priyasaini1389/

2019-05-05 15:12:30,https://www.instagram.com/khurana.neha24/

2019-05-05 15:12:34,https://www.instagram.com/rajubhai.prajapati.5680899/

2019-05-05 15:12:39,https://www.instagram.com/renalicious1/

2019-05-05 15:12:46,https://www.instagram.com/iknxmakeup/

2019-05-05 15:12:51,https://www.instagram.com/revati_7/

2019-05-05 15:12:57,https://www.instagram.com/singh._.lakhbir/

2019-05-05 15:13:04,https://www.instagram.com/saumyachopra/

2019-05-05 15:13:08,https://www.instagram.com/skinshe_bridal/

2019-05-05 15:13:13,https://www.instagram.com/pavani_janapareddy/

2019-05-05 15:13:18,https://www.instagram.com/kamal_lovely_123/

2019-05-05 15:13:22,https://www.instagram.com/yanikakwatra/

2019-05-05 15:13:25,https://www.instagram.com/babaji25522/

2019-05-05 15:13:36,https://www.instagram.com/nitikaarora_makeovers/

2019-05-05 15:13:51,https://www.instagram.com/chehak_makeovers/

2019-05-05 15:14:22,https://www.instagram.com/susana_tunes/

2019-05-05 15:14:28,https://www.instagram.com/diamond_manika/

2019-05-05 15:14:48,https://www.instagram.com/anushreegoel/

2019-05-05 15:14:55,https://www.instagram.com/seeratdhillonx/

2019-05-05 15:14:59,https://www.instagram.com/malviyamona/

2019-05-05 15:15:05,https://www.instagram.com/ashmeharbnb/

2019-05-05 15:15:11,https://www.instagram.com/blueheavenpune/

2019-05-05 15:15:14,https://www.instagram.com/luca_di_iuliano/

2019-05-05 15:15:21,https://www.instagram.com/shivkachhware/

2019-05-05 15:15:26,https://www.instagram.com/manichauhan3/

2019-05-05 15:15:31,https://www.instagram.com/rekhaverma99gmail.com_/

2019-05-05 15:15:37,https://www.instagram.com/mittal.neha/

2019-05-05 15:15:41,https://www.instagram.com/sameenanabisiddiqui/

2019-05-05 15:15:46,https://www.instagram.com/bharti0729/

2019-05-05 15:15:50,https://www.instagram.com/inimabansal1/

2019-05-05 15:15:53,https://www.instagram.com/rumsha8586/

2019-05-05 15:15:55,https://www.instagram.com/lipsandlookswithandrea/

2019-05-05 16:20:55,https://www.instagram.com/deepmahi1751/

2019-05-05 16:21:15,https://www.instagram.com/famegram_org/

2019-05-05 16:21:44,https://www.instagram.com/gurjeetkalsii/

2019-05-05 16:22:10,https://www.instagram.com/makeoversbysalonipassi/

2019-05-05 16:22:35,https://www.instagram.com/drmariazalazar/

2019-05-05 16:23:02,https://www.instagram.com/mehulbodh/

2019-05-05 16:23:08,https://www.instagram.com/rachit1517/

2019-05-05 16:23:38,https://www.instagram.com/prachisharma527/

2019-05-05 16:23:57,https://www.instagram.com/uniquelymarinabeauty/

2019-05-05 16:24:14,https://www.instagram.com/isha1692/

2019-05-05 16:24:37,https://www.instagram.com/its_shamia_/

2019-05-05 16:24:39,https://www.instagram.com/pnilamv/

2019-05-05 16:24:41,https://www.instagram.com/chaudharyprateeksha/

2019-05-05 16:24:43,https://www.instagram.com/pbfbd/

2019-05-05 16:24:52,https://www.instagram.com/xpressionssalonbysimmighai/

2019-05-05 16:25:03,https://www.instagram.com/beautyboundx/

2019-05-05 16:25:24,https://www.instagram.com/cutesamaira/

2019-05-05 16:25:26,https://www.instagram.com/josandeep5/

2019-05-05 16:25:32,https://www.instagram.com/makeoversbykah/

2019-05-05 16:25:39,https://www.instagram.com/yummi_the_candygyal/

2019-05-05 16:25:45,https://www.instagram.com/simarjeet_simar/

2019-05-05 16:25:50,https://www.instagram.com/pr.iyanka6198/

2019-05-05 16:25:53,https://www.instagram.com/k.p___kaur/

2019-05-05 16:26:10,https://www.instagram.com/mituabrol1234/

2019-05-05 16:26:31,https://www.instagram.com/deepikabohra2716/

2019-05-05 16:26:47,https://www.instagram.com/shalinis.singh2110/

2019-05-05 16:27:15,https://www.instagram.com/parulgupta164/

2019-05-05 16:27:30,https://www.instagram.com/vaishaliphutela1128/

2019-05-05 16:27:45,https://www.instagram.com/harpreet.sivia.330/

2019-05-05 16:27:49,https://www.instagram.com/__kc__samikshya__/

2019-05-05 16:27:52,https://www.instagram.com/saaz00002019/

2019-05-05 16:27:59,https://www.instagram.com/_byalessa/

2019-05-05 16:28:01,https://www.instagram.com/harrysharma8191/

2019-05-05 16:28:04,https://www.instagram.com/zainab_haris55/

2019-05-05 16:28:10,https://www.instagram.com/mamta_chadda/

2019-05-05 16:28:12,https://www.instagram.com/moinkhan2666/

2019-05-05 16:28:14,https://www.instagram.com/krishalakhara2384/

2019-05-05 16:28:17,https://www.instagram.com/surbhivermaa/

2019-05-05 16:28:30,https://www.instagram.com/deepamalukani19/

2019-05-05 16:28:34,https://www.instagram.com/namrata_sadhwani/

2019-05-05 16:28:45,https://www.instagram.com/chaudary_sapna/

2019-05-05 16:28:47,https://www.instagram.com/sheetal_2209/

2019-05-05 16:29:03,https://www.instagram.com/halima_nizami/

2019-05-05 16:29:16,https://www.instagram.com/_iamzainab_khan_/

2019-05-05 16:29:20,https://www.instagram.com/shalininamdev4/

2019-05-05 16:29:29,https://www.instagram.com/th_kavita/

2019-05-05 16:29:37,https://www.instagram.com/makeupbypayalsamnani/

2019-05-05 16:29:39,https://www.instagram.com/bhvna.rajput/

2019-05-05 16:29:41,https://www.instagram.com/thedeep_sanghera/

2019-05-05 16:29:43,https://www.instagram.com/sweetanjuaps/

2019-05-05 16:29:51,https://www.instagram.com/the.extrovert.story/

2019-05-05 16:29:53,https://www.instagram.com/jamila.7220/

2019-05-05 16:29:57,https://www.instagram.com/roshni.rai.184007/

2019-05-05 16:30:02,https://www.instagram.com/jaweriawahab/

2019-05-05 16:30:11,https://www.instagram.com/indian_beauty_soul/

2019-05-05 16:30:18,https://www.instagram.com/fcb_sempre/

2019-05-05 16:30:25,https://www.instagram.com/ro_se8685/

2019-05-05 16:30:46,https://www.instagram.com/rachna_creative_corner/

2019-05-05 16:30:48,https://www.instagram.com/rinki_77130/

2019-05-05 16:31:08,https://www.instagram.com/monicaguirre04/

2019-05-05 16:31:22,https://www.instagram.com/suriyawahid/

2019-05-05 16:31:36,https://www.instagram.com/adorable_sardarni/

2019-05-05 16:31:39,https://www.instagram.com/nsheetal_/

2019-05-05 16:31:42,https://www.instagram.com/priyankatiwari1345/

2019-05-05 16:31:48,https://www.instagram.com/surbhi.sharda2011/

2019-05-05 16:32:04,https://www.instagram.com/navdisha_the_newhorizon/

2019-05-05 16:32:20,https://www.instagram.com/neetasha_vij/

2019-05-05 16:32:22,https://www.instagram.com/swati____2390/

2019-05-05 16:32:33,https://www.instagram.com/najjah.141/

2019-05-05 16:32:39,https://www.instagram.com/ishiskhan/

2019-05-05 16:32:41,https://www.instagram.com/kajal3992/

2019-05-05 16:32:43,https://www.instagram.com/dream_girl_avantika/

2019-05-05 16:32:45,https://www.instagram.com/saanviw/

2019-05-05 16:32:47,https://www.instagram.com/surujuneja/

2019-05-05 16:32:58,https://www.instagram.com/muskaanmua/

2019-05-05 16:33:09,https://www.instagram.com/singh_jatinkumar/

2019-05-05 16:33:12,https://www.instagram.com/pritijadoun/

2019-05-05 16:33:14,https://www.instagram.com/ashima2674/

2019-05-05 16:33:22,https://www.instagram.com/the_simran_sharma_/

2019-05-05 16:33:25,https://www.instagram.com/dr_meenal_/

2019-05-05 16:33:28,https://www.instagram.com/prakritinarula/

2019-05-05 16:33:33,https://www.instagram.com/yadavaashima.123/

2019-05-05 16:33:38,https://www.instagram.com/shailymodani/

2019-05-05 16:33:42,https://www.instagram.com/monsnimwal888/

2019-05-05 16:33:46,https://www.instagram.com/payal2564/

2019-05-05 16:34:00,https://www.instagram.com/madhupriya/

2019-05-05 16:34:08,https://www.instagram.com/fardeen1203/

2019-05-05 16:34:13,https://www.instagram.com/bhanuarora999/

2019-05-05 16:34:22,https://www.instagram.com/kriti81/

2019-05-05 16:34:35,https://www.instagram.com/zishan9958/

2019-05-05 16:34:37,https://www.instagram.com/zoy2256/

2019-05-05 16:34:44,https://www.instagram.com/delhirelax/

2019-05-05 16:34:46,https://www.instagram.com/simar.bhatia.37/

2019-05-05 16:34:48,https://www.instagram.com/jhambjiya/

2019-05-05 16:34:50,https://www.instagram.com/naetalsinghh/

2019-05-05 16:35:00,https://www.instagram.com/karishmatickavita/

2019-05-05 16:35:04,https://www.instagram.com/vaishaliraina60/

2019-05-05 16:35:09,https://www.instagram.com/shubhi2913/

2019-05-05 16:35:12,https://www.instagram.com/cherry_swatii/

2019-05-05 16:35:32,https://www.instagram.com/prabhupadmaja7744/

2019-05-05 16:35:45,https://www.instagram.com/gaurav.gupta.10485/

2019-05-05 16:36:06,https://www.instagram.com/makeupstoriesbyashima/

2019-05-05 16:36:11,https://www.instagram.com/asawahney/

2019-05-05 16:36:13,https://www.instagram.com/yadav.upasna18/

2019-05-05 16:36:21,https://www.instagram.com/925_silver_jewelry_online/

2019-05-05 16:36:26,https://www.instagram.com/iceeyesbeauty/

2019-05-05 16:36:33,https://www.instagram.com/friskybritches/

2019-05-05 16:36:40,https://www.instagram.com/meenakshiyadav.u/

2019-05-05 16:36:54,https://www.instagram.com/kavitamann4/

2019-05-05 16:37:12,https://www.instagram.com/neelammittal_s/

2019-05-05 16:37:17,https://www.instagram.com/dem_doll/

2019-05-05 16:37:29,https://www.instagram.com/renu9049/

2019-05-05 16:37:44,https://www.instagram.com/snehabavishi/

2019-05-05 16:37:46,https://www.instagram.com/sinchannkhatri/

2019-05-05 16:37:54,https://www.instagram.com/poonamsuryan/

2019-05-05 16:37:56,https://www.instagram.com/sandeep.208/

2019-05-05 16:37:58,https://www.instagram.com/anni_pilates/

2019-05-05 16:38:04,https://www.instagram.com/crazy_cooking_classes/

2019-05-05 16:38:08,https://www.instagram.com/monika_designer_makeup_artist/

2019-05-05 16:38:14,https://www.instagram.com/shaziafrqn/

2019-05-05 16:38:16,https://www.instagram.com/shama7127/

2019-05-05 16:38:21,https://www.instagram.com/taanivaanimakeovers/

2019-05-05 16:38:28,https://www.instagram.com/nk5001777/

2019-05-05 16:38:30,https://www.instagram.com/shabnammalik849/

2019-05-05 16:38:32,https://www.instagram.com/aashna400/

2019-05-05 16:38:35,https://www.instagram.com/nami.gugnani/

2019-05-05 16:38:41,https://www.instagram.com/priyanka_mehndiratta_arora/

2019-05-05 16:38:43,https://www.instagram.com/tickle_star28/

2019-05-05 16:38:46,https://www.instagram.com/anthonydaniel348/

2019-05-05 16:38:49,https://www.instagram.com/sabafatima7766/

2019-05-05 16:38:53,https://www.instagram.com/sanyamadanmakeovers/

2019-05-05 16:38:58,https://www.instagram.com/waraddapubg/

2019-05-05 16:39:00,https://www.instagram.com/harshitathakur61/

2019-05-05 16:39:03,https://www.instagram.com/lakhan9162/

2019-05-05 16:39:05,https://www.instagram.com/rupal_m_a3/

2019-05-05 16:39:23,https://www.instagram.com/c_a_l_y_p_s_0___kichappi_/

2019-05-05 16:39:25,https://www.instagram.com/sammygill_/

2019-05-05 16:39:27,https://www.instagram.com/prernasharma1706gamil.com1436/

2019-05-05 16:39:30,https://www.instagram.com/anushysheikh/

2019-05-05 16:39:33,https://www.instagram.com/thisisanusehgal/

2019-05-05 16:39:36,https://www.instagram.com/narula36/

2019-05-05 16:39:39,https://www.instagram.com/pari8292/

2019-05-05 16:39:41,https://www.instagram.com/imranmuhstaq/

2019-05-05 16:39:45,https://www.instagram.com/narendra.vaghela.75286/

2019-05-05 16:39:46,https://www.instagram.com/vidhi5152/

2019-05-05 16:39:49,https://www.instagram.com/sonia06feb/

2019-05-05 16:39:51,https://www.instagram.com/nehaagarwal3225/

2019-05-05 16:39:55,https://www.instagram.com/shikha2370/

2019-05-05 16:39:57,https://www.instagram.com/alizakhan9215/

2019-05-05 16:40:03,https://www.instagram.com/azalejafilmproduction/

2019-05-05 16:40:09,https://www.instagram.com/banitaahuja/

2019-05-05 16:40:10,https://www.instagram.com/shauryashweta/

2019-05-05 16:40:12,https://www.instagram.com/rashmeemahajan/

2019-05-05 16:40:17,https://www.instagram.com/dharamveersinghchauhan3/

2019-05-05 16:40:19,https://www.instagram.com/milind_ahire_talwadkar/

2019-05-05 16:40:22,https://www.instagram.com/sachinar009/

2019-05-05 16:40:30,https://www.instagram.com/bah973/

2019-05-05 16:40:49,https://www.instagram.com/cocoandclassbeauty/

2019-05-05 16:41:03,https://www.instagram.com/x.elsax/

2019-05-05 16:41:08,https://www.instagram.com/hansahshazadx/

2019-05-05 16:41:11,https://www.instagram.com/husna_ahsan/

2019-05-05 16:41:17,https://www.instagram.com/sk.beautysalon/

2019-05-05 16:41:19,https://www.instagram.com/miss_sabeela_a/

2019-05-05 16:41:27,https://www.instagram.com/hiddenxgem/

2019-05-05 16:41:31,https://www.instagram.com/meaghanlovesnyc/

2019-05-05 16:41:37,https://www.instagram.com/emman.ajaz/

2019-05-05 16:41:41,https://www.instagram.com/hasana_a24/

2019-05-05 16:41:49,https://www.instagram.com/jwmarriottjaipur/

2019-05-05 16:41:55,https://www.instagram.com/muskanmalik910/

2019-05-05 16:41:57,https://www.instagram.com/sinhaanamika146/

2019-05-05 16:42:18,https://www.instagram.com/madaan1708/

2019-05-05 16:42:33,https://www.instagram.com/deepali.gambhir/

2019-05-05 16:42:48,https://www.instagram.com/shabnam8426/

2019-05-05 16:42:50,https://www.instagram.com/khanrimsha272/

2019-05-05 16:42:55,https://www.instagram.com/thatshinethrower/

2019-05-05 16:42:57,https://www.instagram.com/prachibhati09/

2019-05-05 16:42:59,https://www.instagram.com/prinky_c/

2019-05-05 16:43:02,https://www.instagram.com/bk37323/

2019-05-05 16:43:04,https://www.instagram.com/kpg7pihu/

2019-05-05 16:43:10,https://www.instagram.com/reena_.sharma/

2019-05-05 16:43:12,https://www.instagram.com/bhar2988/

2019-05-05 16:43:15,https://www.instagram.com/berenavinash/

2019-05-05 16:43:22,https://www.instagram.com/jaya_itaya/

2019-05-05 16:43:26,https://www.instagram.com/gurveenmua/

2019-05-05 16:43:28,https://www.instagram.com/shweta_sh31/

2019-05-05 16:43:32,https://www.instagram.com/hitasha.manchanda/

2019-05-05 16:43:48,https://www.instagram.com/abha_akriti/

2019-05-05 16:44:04,https://www.instagram.com/vernicaarora/

2019-05-05 16:44:06,https://www.instagram.com/rashmi.barkha/

2019-05-05 16:44:08,https://www.instagram.com/adeeba.urooj/

2019-05-05 16:44:10,https://www.instagram.com/karansakkarwal/

2019-05-05 16:44:17,https://www.instagram.com/samairasandhu/

2019-05-05 16:44:28,https://www.instagram.com/meerasakhrani/

2019-05-05 16:44:32,https://www.instagram.com/shubhang5481/

2019-05-05 16:44:36,https://www.instagram.com/mrs.adeeba.ahmed/

2019-05-05 16:44:45,https://www.instagram.com/aarush.123/

2019-05-05 16:44:47,https://www.instagram.com/ritidewal/

2019-05-05 16:44:54,https://www.instagram.com/shamra_nifraz/

2019-05-05 16:45:03,https://www.instagram.com/kotiyal_sadhana/

2019-05-05 16:45:07,https://www.instagram.com/payals5554/

2019-05-05 16:45:10,https://www.instagram.com/shivani.7500/

2019-05-05 17:00:24,https://www.instagram.com/radhikayadav_1/

2019-05-05 17:00:29,https://www.instagram.com/sabajunaid001/

2019-05-05 17:00:31,https://www.instagram.com/s._jaggi/

2019-05-05 17:00:35,https://www.instagram.com/ritzzrastogi/

2019-05-05 17:00:37,https://www.instagram.com/sonia.mishra116/

2019-05-05 17:00:39,https://www.instagram.com/tomar_312/

2019-05-05 17:00:41,https://www.instagram.com/ankitasharma1413/

2019-05-05 17:00:49,https://www.instagram.com/ashukhan_makeupartist4555/

2019-05-05 17:00:55,https://www.instagram.com/impradee0/

2019-05-05 17:01:11,https://www.instagram.com/m_o_n_e_y261/

2019-05-05 17:01:14,https://www.instagram.com/deepali.arora.9674/

2019-05-05 17:01:30,https://www.instagram.com/phocus__photography/

2019-05-05 17:01:32,https://www.instagram.com/lavanyajuneja10/

2019-05-05 17:01:50,https://www.instagram.com/nungshi_angom/

2019-05-05 17:02:05,https://www.instagram.com/pr.adeep7725/

2019-05-05 17:02:20,https://www.instagram.com/manisha_singh.87/

2019-05-05 17:02:27,https://www.instagram.com/flashback_gordon/

2019-05-05 17:02:30,https://www.instagram.com/doll5343/

2019-05-05 17:02:42,https://www.instagram.com/nidarkhan27/

2019-05-05 17:02:44,https://www.instagram.com/caputstorm/

2019-05-05 17:02:48,https://www.instagram.com/13devna/

2019-05-05 17:02:56,https://www.instagram.com/syed_shamim_ali/

2019-05-05 17:02:58,https://www.instagram.com/chauhanbharti9891/

2019-05-05 17:03:00,https://www.instagram.com/neerahbynidhi/

2019-05-05 17:03:02,https://www.instagram.com/dlnbblogger0/

2019-05-05 17:03:04,https://www.instagram.com/raunaquemallick/

2019-05-05 17:03:05,https://www.instagram.com/lata_dembla/

2019-05-05 17:03:07,https://www.instagram.com/afxtima/

2019-05-05 17:03:09,https://www.instagram.com/kavimalhotra/

2019-05-05 17:03:11,https://www.instagram.com/das.aishwarya26/

2019-05-05 17:03:13,https://www.instagram.com/style__and__smiles/

2019-05-05 17:03:15,https://www.instagram.com/riyasalujamakeovers/

2019-05-05 17:03:20,https://www.instagram.com/nitikadogra59/

2019-05-05 17:03:22,https://www.instagram.com/sayal._rajput980/

2019-05-05 17:03:27,https://www.instagram.com/rx_s_h_i_l_p_a/

2019-05-05 17:03:31,https://www.instagram.com/chandramthakur/

2019-05-05 17:03:33,https://www.instagram.com/28megha/

2019-05-05 17:03:36,https://www.instagram.com/makeupbyzohra/

2019-05-05 17:03:40,https://www.instagram.com/gk_makeuplove/

2019-05-05 17:03:43,https://www.instagram.com/sakshijindalnarang/

2019-05-05 17:03:44,https://www.instagram.com/rashida_lohawala/

2019-05-05 17:03:46,https://www.instagram.com/sunglassfashionlovers/

2019-05-05 17:03:54,https://www.instagram.com/nick_lets/

2019-05-05 17:03:56,https://www.instagram.com/_saini_chandigarh/

2019-05-05 17:04:00,https://www.instagram.com/itsurvashiarora/

2019-05-05 17:04:04,https://www.instagram.com/y_oumy/

2019-05-05 17:04:05,https://www.instagram.com/shutupyoureharam/

2019-05-05 17:04:07,https://www.instagram.com/itsgaauri/

2019-05-05 17:04:16,https://www.instagram.com/mikaeila_mua/

2019-05-05 17:04:22,https://www.instagram.com/aahana.gupta.37604/

2019-05-05 17:04:24,https://www.instagram.com/gentekoslilli/

2019-05-05 17:04:27,https://www.instagram.com/kaira_offl/

2019-05-05 17:04:29,https://www.instagram.com/gurnoor_kaur_chohan/

2019-05-05 17:04:32,https://www.instagram.com/rupal_nanda/

2019-05-05 17:04:34,https://www.instagram.com/tinky211/

2019-05-05 17:04:46,https://www.instagram.com/simran.siddhi.7/

2019-05-05 17:04:53,https://www.instagram.com/shailendrasingh.baghel/

2019-05-05 17:04:54,https://www.instagram.com/s_w_a_r_n_a_s_r_i/

2019-05-05 17:04:56,https://www.instagram.com/chadha_rajesh/

2019-05-05 17:05:06,https://www.instagram.com/mnalinibyreshamsharma/

2019-05-05 17:05:08,https://www.instagram.com/mandeepalka/

2019-05-05 17:05:10,https://www.instagram.com/dads8429/

2019-05-05 17:05:12,https://www.instagram.com/kalrasunil27/

2019-05-05 17:05:14,https://www.instagram.com/ilabadil/

2019-05-05 17:05:16,https://www.instagram.com/dhir2423/

2019-05-05 17:05:18,https://www.instagram.com/aish6542/

2019-05-05 17:05:21,https://www.instagram.com/thequeen7134/

2019-05-05 17:05:24,https://www.instagram.com/amit_9718038032/

2019-05-05 17:05:26,https://www.instagram.com/chadhashallu/

2019-05-05 17:05:28,https://www.instagram.com/supriya.gehlot.33/

2019-05-05 17:05:30,https://www.instagram.com/ramasharma3536/

2019-05-05 17:05:35,https://www.instagram.com/priyankapatharia82/

2019-05-05 17:05:37,https://www.instagram.com/sapna7109/

2019-05-05 17:05:40,https://www.instagram.com/parulsharma.95/

2019-05-05 17:05:43,https://www.instagram.com/_tenha._oglan._/

2019-05-05 17:05:45,https://www.instagram.com/soniabali143/

2019-05-05 17:05:47,https://www.instagram.com/khushbu0402/

2019-05-05 17:05:50,https://www.instagram.com/priyapihu2556/

2019-05-05 17:05:53,https://www.instagram.com/rusmahidayani/

2019-05-05 17:05:55,https://www.instagram.com/fizamalik1988/

2019-05-05 17:05:57,https://www.instagram.com/sho0og_alyamani2/

2019-05-05 17:06:00,https://www.instagram.com/meetangiagarwal/

2019-05-05 17:06:01,https://www.instagram.com/mouni_nare/

2019-05-05 17:06:03,https://www.instagram.com/arushi_bhuraria/

2019-05-05 17:06:05,https://www.instagram.com/shruti16.choudhary/

2019-05-05 17:06:07,https://www.instagram.com/bruisedmakeupvanity/

2019-05-05 17:06:09,https://www.instagram.com/poojamakhe/

2019-05-05 17:06:11,https://www.instagram.com/jaura.aman/

2019-05-05 17:06:14,https://www.instagram.com/tahirkhan9799/

2019-05-05 17:06:16,https://www.instagram.com/kamsiscollection/

2019-05-05 17:06:27,https://www.instagram.com/gurppinder_kaur/

2019-05-05 17:06:35,https://www.instagram.com/kulvinderkaur_s/

2019-05-05 17:06:42,https://www.instagram.com/ammy_j_makeovers/

2019-05-05 17:06:45,https://www.instagram.com/makeup_artistry_by_anu/

2019-05-05 17:07:08,https://www.instagram.com/makeupstudio_academy_bykiinjal/

2019-05-05 17:07:17,https://www.instagram.com/nehabamrahmakeovers/

2019-05-05 17:07:20,https://www.instagram.com/priyankarathore.2009/

2019-05-05 17:07:22,https://www.instagram.com/rocky.bansal.31508/

2019-05-05 17:07:26,https://www.instagram.com/arorasoniam/

2019-05-05 17:07:28,https://www.instagram.com/sidharth57000/

2019-05-05 17:07:31,https://www.instagram.com/subir_rathore/

2019-05-05 17:07:34,https://www.instagram.com/khushbu_dadhich/

2019-05-05 17:07:36,https://www.instagram.com/surakat/

2019-05-05 17:07:38,https://www.instagram.com/meenakshikatariaa/

2019-05-05 17:07:40,https://www.instagram.com/frau.deutschland/

2019-05-05 17:07:42,https://www.instagram.com/makeup_by_zeena/

2019-05-05 17:07:46,https://www.instagram.com/bwshnfsny/

2019-05-05 17:07:48,https://www.instagram.com/kalsumamua/

2019-05-05 17:07:51,https://www.instagram.com/hafizaaa_bibi/

2019-05-05 17:08:20,https://www.instagram.com/mithoosachdeva_mua/

2019-05-05 17:08:29,https://www.instagram.com/sumandugar12/

2019-05-05 17:08:33,https://www.instagram.com/makeupbydeebakhan/

2019-05-05 17:08:41,https://www.instagram.com/facestylingbysabrina/

2019-05-05 17:08:44,https://www.instagram.com/sillysmily/

2019-05-05 17:08:46,https://www.instagram.com/kirti_0115/

2019-05-05 17:08:53,https://www.instagram.com/beautyandblushbychakshu/

2019-05-05 17:08:55,https://www.instagram.com/parmjeetkaur24101689/

2019-05-05 17:08:57,https://www.instagram.com/prachi91/

2019-05-05 17:08:59,https://www.instagram.com/yukti_bhatia1/

2019-05-05 17:09:01,https://www.instagram.com/neetu_makeovers/

2019-05-05 17:09:05,https://www.instagram.com/p.a.r.i.n.i.t.a_k/

2019-05-05 17:09:07,https://www.instagram.com/rekhadagar12/

2019-05-05 17:09:09,https://www.instagram.com/archie050/

2019-05-05 17:09:11,https://www.instagram.com/muskaankhanna27/

2019-05-05 17:09:13,https://www.instagram.com/syed_tanziya/

2019-05-05 17:09:15,https://www.instagram.com/jodhajyoti/

2019-05-05 17:09:17,https://www.instagram.com/jasminekaurmunjal/

2019-05-05 17:09:19,https://www.instagram.com/akansha_garg93/

2019-05-05 17:09:21,https://www.instagram.com/sunjulaa20/

2019-05-05 17:09:23,https://www.instagram.com/diksha.prabhakar/

2019-05-05 17:09:24,https://www.instagram.com/ashmi_28/

2019-05-05 17:09:26,https://www.instagram.com/reemahadik/

2019-05-05 17:09:29,https://www.instagram.com/lakshiarora/

2019-05-05 17:09:31,https://www.instagram.com/srishty_alagh/

2019-05-05 17:09:35,https://www.instagram.com/loveriya417/

2019-05-05 17:09:38,https://www.instagram.com/vidhiduamakeovers/

2019-05-05 17:09:45,https://www.instagram.com/ridhi.mehta04/

2019-05-05 17:09:53,https://www.instagram.com/preetbhawnani/

2019-05-05 17:09:55,https://www.instagram.com/rajputangel12/

2019-05-05 17:10:17,https://www.instagram.com/vidhi_girish/

2019-05-05 17:10:34,https://www.instagram.com/hanahashmi/

2019-05-05 17:10:36,https://www.instagram.com/simmi2bains/

2019-05-05 17:10:41,https://www.instagram.com/katyalpreeti/

2019-05-05 17:10:43,https://www.instagram.com/lovablepg/

2019-05-05 17:10:46,https://www.instagram.com/priya_1996__/

2019-05-05 17:10:49,https://www.instagram.com/_sejalsethi_/

2019-05-05 17:10:52,https://www.instagram.com/paru.sharmaa/

2019-05-05 17:10:55,https://www.instagram.com/aashu4499/

2019-05-05 17:10:57,https://www.instagram.com/sauyash/

2019-05-05 17:11:00,https://www.instagram.com/faa_1206/

2019-05-05 17:11:03,https://www.instagram.com/kkapur.nehayahoo.co.in/

2019-05-05 17:11:05,https://www.instagram.com/reet012/

2019-05-05 17:11:08,https://www.instagram.com/mittal0306/

2019-05-05 17:11:13,https://www.instagram.com/tanmyabansal/

2019-05-05 17:11:15,https://www.instagram.com/deepankshiii/

2019-05-05 17:11:17,https://www.instagram.com/neha_r_raj24/

2019-05-05 17:11:19,https://www.instagram.com/sun_shine_pt/

2019-05-05 17:11:21,https://www.instagram.com/ishitaverma248/

2019-05-05 17:11:23,https://www.instagram.com/nivishakohli/

2019-05-05 17:11:25,https://www.instagram.com/abhilashajolly87/

2019-05-05 17:11:26,https://www.instagram.com/mua_sneha/

2019-05-05 17:11:29,https://www.instagram.com/tharshi.r/

2019-05-05 17:11:31,https://www.instagram.com/ayeshaasif_mua/

2019-05-05 17:11:33,https://www.instagram.com/sidsamreen/

2019-05-05 17:11:35,https://www.instagram.com/sumanjita/

2019-05-05 17:11:40,https://www.instagram.com/harveenkr/

2019-05-05 17:11:43,https://www.instagram.com/meenuhs/

2019-05-05 17:11:46,https://www.instagram.com/buttar_arts/

2019-05-05 17:37:48,https://www.instagram.com/__nav.malhi/

2019-05-05 17:53:41,https://www.instagram.com/simmykainth_0927/

2019-05-05 17:54:04,https://www.instagram.com/delzeenpundhir/

2019-05-05 17:54:21,https://www.instagram.com/shetheshowstopper/

2019-05-05 17:54:41,https://www.instagram.com/pooja_solanki_gohel/

2019-05-05 17:55:00,https://www.instagram.com/parvinder_537297/

2019-05-05 17:55:20,https://www.instagram.com/punita_hair_makeup_artist/

2019-05-05 17:55:36,https://www.instagram.com/sunitaaggarwal610/

2019-05-05 17:56:39,https://www.instagram.com/nehaandsumbulmakeovers/

2019-05-05 17:56:56,https://www.instagram.com/seema_beauty_19/

2019-05-05 17:57:18,https://www.instagram.com/_rachna8793/

2019-05-05 17:57:36,https://www.instagram.com/anitagupta1864/

2019-05-05 17:57:53,https://www.instagram.com/musku_1202/

2019-05-05 17:58:17,https://www.instagram.com/jopavdiyu/

2019-05-05 17:58:37,https://www.instagram.com/nandani1189/

2019-05-05 18:00:39,https://www.instagram.com/lavleen.kaur.581/

2019-05-05 18:20:15,https://www.instagram.com/makeoverbysimranjohar/

2019-05-05 18:21:07,https://www.instagram.com/chandni.arora.50/

2019-05-05 18:21:26,https://www.instagram.com/fromadreamtoamiracle/

2019-05-05 18:21:41,https://www.instagram.com/coolmegha/

2019-05-05 18:21:55,https://www.instagram.com/payalabhishekkapoor/

2019-05-05 18:22:12,https://www.instagram.com/rana_simran19/

2019-05-05 18:22:58,https://www.instagram.com/sajidsk15/

2019-05-05 18:23:00,https://www.instagram.com/kirtika.rajput.9862/

2019-05-05 18:23:03,https://www.instagram.com/beautyy910/

2019-05-05 18:23:05,https://www.instagram.com/solo_traveller____/

2019-05-05 18:23:07,https://www.instagram.com/niharikat911/

2019-05-05 18:23:23,https://www.instagram.com/shamzy__1/



2019-05-15 14:42:56,https://www.instagram.com/nikita_jain2301/

2019-05-15 14:43:45,https://www.instagram.com/shubhachandak/

2019-05-15 14:44:07,https://www.instagram.com/zunerafaisal/

2019-05-15 14:44:19,https://www.instagram.com/gautamgomze/

2019-05-15 14:44:27,https://www.instagram.com/masauon/

2019-05-15 14:45:13,https://www.instagram.com/xjattix/

2019-05-15 14:46:11,https://www.instagram.com/kaur_tanya_kochar/

2019-05-15 14:46:27,https://www.instagram.com/sujatagrover/

2019-05-15 14:46:42,https://www.instagram.com/pooja_punjabi_/

2019-05-15 14:47:31,https://www.instagram.com/shivani2424/

2019-05-15 14:47:44,https://www.instagram.com/rohini5394/

2019-05-15 14:47:53,https://www.instagram.com/akshayasrani007/

2019-05-15 14:48:39,https://www.instagram.com/deepadahal85/

2019-05-15 14:48:46,https://www.instagram.com/salonis9880/

2019-05-15 14:48:54,https://www.instagram.com/saher433k/

2019-05-15 14:48:56,https://www.instagram.com/nabeela_nabuuuuu/

2019-05-15 15:06:54,https://www.instagram.com/sheikhzeenat78/

2019-05-15 15:06:56,https://www.instagram.com/yashita_gandhi_mua/

2019-05-15 15:06:57,https://www.instagram.com/shaily6600/

2019-05-15 15:07:13,https://www.instagram.com/diksha.mavi/

2019-05-15 15:07:15,https://www.instagram.com/rajvirkaur60091/

2019-05-15 15:08:07,https://www.instagram.com/payel0033/

2019-05-15 15:08:15,https://www.instagram.com/yd.garima/

2019-05-15 15:08:32,https://www.instagram.com/sukriti88/

2019-05-15 15:08:39,https://www.instagram.com/raman.sikka/

2019-05-15 15:10:09,https://www.instagram.com/girlwithrulez/

2019-05-15 15:10:13,https://www.instagram.com/deepikabhatt23/

2019-05-15 15:10:52,https://www.instagram.com/yashaswee_92/

2019-05-15 15:11:07,https://www.instagram.com/00shona_00/

2019-05-15 15:11:21,https://www.instagram.com/kadamraul_rk/

2019-05-15 15:12:17,https://www.instagram.com/nihau_cutiepiee/

2019-05-15 15:12:27,https://www.instagram.com/kharmahima/

2019-05-15 16:14:37,https://www.instagram.com/abbottaarti/

2019-05-15 16:15:07,https://www.instagram.com/pooja0525/

2019-05-15 16:15:16,https://www.instagram.com/bhaavika253/

2019-05-15 16:15:18,https://www.instagram.com/micky_chetan_gaba/

2019-05-15 16:15:37,https://www.instagram.com/babita5523/

2019-05-15 16:15:39,https://www.instagram.com/sagartanu6/

2019-05-15 16:15:55,https://www.instagram.com/pink.chai/

2019-05-15 16:16:03,https://www.instagram.com/cutegul_meenu/

2019-05-15 16:16:12,https://www.instagram.com/materialgbyprishakritika/

2019-05-15 16:16:24,https://www.instagram.com/rifat.1975/

2019-05-15 16:17:48,https://www.instagram.com/mona_ms/

2019-05-15 16:18:06,https://www.instagram.com/pinaki_makeovers/

2019-05-15 16:18:24,https://www.instagram.com/sumaiya_r_v/

2019-05-15 16:18:26,https://www.instagram.com/srishti_1834/

2019-05-15 16:18:28,https://www.instagram.com/001neerja_paul/

2019-05-15 16:18:39,https://www.instagram.com/harpreet_kaur_gujral19/

2019-05-15 17:16:52,https://www.instagram.com/the_bong_balikaa/

2019-05-15 17:17:30,https://www.instagram.com/instaprabha/

2019-05-15 17:17:38,https://www.instagram.com/the_magnificent_girl_/

2019-05-15 17:17:41,https://www.instagram.com/ankitasingh2388/

2019-05-15 17:17:44,https://www.instagram.com/__stranger__grl__/

2019-05-15 17:17:47,https://www.instagram.com/_similarly_16teen_/

2019-05-15 17:18:01,https://www.instagram.com/_muskandhillon/

2019-05-15 17:18:04,https://www.instagram.com/sharan6880/

2019-05-15 17:18:12,https://www.instagram.com/shwetasingh3/

2019-05-15 17:18:31,https://www.instagram.com/em_reem03/

2019-05-15 17:18:40,https://www.instagram.com/h.e.a.v.e.n.24/

2019-05-15 17:18:42,https://www.instagram.com/anukritiprabha/

2019-05-15 17:18:47,https://www.instagram.com/makeup_by_chanchal/

2019-05-15 17:18:50,https://www.instagram.com/meghnasherpa_/

2019-05-15 17:18:56,https://www.instagram.com/roshhniiii/

2019-05-15 17:19:05,https://www.instagram.com/rajawatsaloni/

2019-05-15 18:16:21,https://www.instagram.com/kritikaxmakeup/

2019-05-15 18:16:23,https://www.instagram.com/yashvi6656/

2019-05-15 18:16:27,https://www.instagram.com/pandey.sangeeta/

2019-05-15 18:16:30,https://www.instagram.com/mahenoor.mirza2837/

2019-05-15 18:16:38,https://www.instagram.com/garimatandon91/

2019-05-15 18:16:40,https://www.instagram.com/avantikashergill_/

2019-05-15 18:16:43,https://www.instagram.com/sumera_ameen11/

2019-05-15 18:16:50,https://www.instagram.com/meenu_sindhu_pahal/

2019-05-15 18:16:52,https://www.instagram.com/almdasgar/

2019-05-15 18:16:55,https://www.instagram.com/jamesanisha/

2019-05-15 18:17:17,https://www.instagram.com/guneet.anand.35/

2019-05-15 18:17:20,https://www.instagram.com/bhawani_singh_sonigra/

2019-05-15 18:17:37,https://www.instagram.com/ashisood133/

2019-05-15 18:17:45,https://www.instagram.com/payal.mittal.39395/

2019-05-15 18:18:02,https://www.instagram.com/farzanafarid/

2019-05-15 18:18:23,https://www.instagram.com/himanshi7350/

2019-05-15 19:20:25,https://www.instagram.com/nehap4720/

2019-05-15 19:20:29,https://www.instagram.com/kanchanmethwani/

2019-05-15 19:20:32,https://www.instagram.com/harmeen273/

2019-05-15 19:20:41,https://www.instagram.com/makkar.richa/

2019-05-15 19:20:44,https://www.instagram.com/manishachoudhary1415/

2019-05-15 19:20:47,https://www.instagram.com/rahulrao0/

2019-05-15 19:51:14,https://www.instagram.com/_styleworm/

2019-05-16 00:22:00,https://www.instagram.com/payalsoni345/

2019-05-16 00:22:55,https://www.instagram.com/aroraanwesha/

